Original res,A_polygon,"A_rast,orig","A_rast,10km"
.5 km,6780225.2590545025,6790272.75,6790272.75
1 km,6780225.2590545025,6789357,6789357
5 km,6780225.2590545025,6797150,6797150
