Original res,Area (polygon),"Area (raster, orig)","Area (raster, 10km)"
.5 km,6780225.2590545025,6790272.75,6790272.75
1 km,6780225.2590545025,6789357,6789357
2 km,6780225.2590545025,6791684,6791684
3 km,6780225.2590545025,6790725,6790725
5 km,6780225.2590545025,6797150,6797150
