MPA size,"A total, km²",N,% MPA by count,% MPA by area
< 1 km^2,1513.703306435985,5677,31.65319208252021,0.005058038407710517
< 100 km^2,162141.3865521645,8737,48.7148034569278,0.5417953156165407
< 1000 km^2,852239.7788893909,2447,13.643713409534431,2.8477585507497585
>= 1000 km^2,28910791.81137849,1074,5.988291051017564,96.60538809522599
