MPA size,"A total, km²",N,% MPA by count,% MPA by area
< 1 km^2,339.23104113732353,1287,38.648648648648646,0.003012854217926854
< 100 km^2,24461.060330986595,1356,40.72072072072072,0.21724901278519143
< 1000 km^2,144854.13159965028,409,12.282282282282281,1.2865107506405042
>= 1000 km^2,11089803.107991956,278,8.348348348348349,98.49322738235638
