Size class,N,"Area in class, km²",% dropped (.5km cells),% dropped (1km cells),% dropped (2km cells),% dropped (3km cells),% dropped (5km cells)
< .001,7,0.004449647244233,100,100,100,100,100
< .01,41,0.216426382777154,97.5609756097561,100,100,100,100
< .1,425,20.137180958756563,80,95.52941176470588,98.11764705882354,99.52941176470588,99.76470588235294
< 1,756,295.62524308034733,20.634920634920636,64.81481481481481,92.32804232804233,95.63492063492063,98.28042328042328
< 3,350,620.0886613049094,0,9.714285714285714,61.142857142857146,78.85714285714286,93.42857142857143
< 10,326,1945.5730644562661,0,0,14.110429447852761,46.93251533742331,79.4478527607362
< 100,473,17036.072256711625,0,0,0.21141649048625794,3.8054968287526427,23.67864693446089
>= 100,484,6760307.54177196,0,0,0,0,0
Total,2862,6780225.2590545025,18.9727463312369,34.17190775681342,49.75541579315164,57.337526205450736,66.84136967155835
